<?xml version="1.0" encoding="UTF-8" standalone="yes"?>
<addon id="plugin.video.patanegrafordev" name="Pata Negra" version="1.0.0" provider-name="Alex303 - Hiraya Software">
	<requires>
		<import addon="xbmc.python" version="2.19.0" />
		<import addon="script.module.requests" version="2.9.1" />
		<import addon="script.module.urlresolver" />
		<import addon="script.module.resolveurl" />
	</requires>
	<extension point="xbmc.python.pluginsource" library="default.py">
		<provides>video</provides>
	</extension>
	<extension point="xbmc.addon.repository" name="Hiraya Software Repo">
		<info>http://hirayasoftware.com/repo/addons.xml</info>
		<checksum>http://hirayasoftware.com/repo/addons.xml.md5</checksum>
		<datadir zip="true">http://hirayasoftware.com/repo/</datadir>
	</extension>
	<extension point="xbmc.addon.metadata">
		<summary lang="en">Pata Negra</summary>
		<description lang="en">Addon Pata Negra

Desarrollo: Alex303
Soporte desarrollo: Toni
Aportaciones gráficas: Jorge, MiKel, Toni
Aportaciones musicales: Mikel, Toni, Toni Mundocine
Aportaciones técnicas: Caperucitaferoz, Picapau
Aportaciones de contenido: Daqueen, Toni, MiKel
Sugerencias: Taox, Beatriz, MiKel, BomberLink, Chikiry
Testers: Jorge, Fermin, MiKel, Beatriz, Taox, Daqueen, Kiki, Zarat, Toni
</description>
		<disclaimer lang="en">Addon de cine.</disclaimer>
		<summary lang="es">Pata Negra</summary>
		<description lang="es">Addon Pata Negra

Desarrollo: Alex303
Soporte desarrollo: Toni
Aportaciones gráficas: Jorge, MiKel, Toni
Aportaciones musicales: Mikel, Toni, Toni Mundocine
Aportaciones técnicas: Caperucitaferoz, Picapau
Aportaciones de contenido: Daqueen, Toni, MiKel
Sugerencias: Taox, Beatriz, MiKel, BomberLink, Chikiry
Testers: Jorge, Fermin, MiKel, Beatriz, Taox, Daqueen, Kiki, Zarat, Toni
</description>
		<disclaimer lang="es">Addon de cine.</disclaimer>
		<platform>all</platform>
        <website></website>
        <video_guide></video_guide>
	</extension>
</addon>
