<?xml version="1.0" encoding="UTF-8" standalone="yes"?>
<addon id="plugin.video.patanegra" name="Pata Negra" version="1.1.1" provider-name="Alex303 - Hiraya Software">
	<requires>
		<import addon="xbmc.python" version="2.19.0" />
		<import addon="script.module.requests" version="2.9.1" />
		<import addon="script.module.resolveurl" />
	</requires>
	<extension point="xbmc.python.pluginsource" library="default.py">
		<provides>video</provides>
	</extension>
	<extension point="xbmc.addon.repository" name="Hiraya Software Repo">
		<info>https://hirayasoftware.github.io/addons.xml</info>
		<checksum>https://hirayasoftware.github.io/addons.xml.md5</checksum>
		<datadir zip="true">https://hirayasoftware.github.io/</datadir>
	</extension>
	<extension point="xbmc.addon.metadata">
		<summary lang="en">Pata Negra</summary>
		<description lang="en">Addon Pata Negra

Desarrollo: Alex303
Soporte desarrollo: Toni
Aportaciones gráficas: Bojbit, Jorge, MiKel, Toni, Alex303
Aportaciones técnicas: Picapau
Aportaciones de contenido: Toni, MiKel, Alex303, Jorge, Zarat, Jose, Iberika, Lou, Taox, MundoCine
Sugerencias: Taox, Beatriz, MiKel, BomberLink, Chikiry, Toni
Testers: Jorge, Fermin, MiKel, Beatriz, Taox, Daqueen, Kiki, Zarat, Toni
</description>
		<disclaimer lang="en">Addon de cine.</disclaimer>
		<summary lang="es">Pata Negra</summary>
		<description lang="es">Addon Pata Negra

Desarrollo: Alex303
Soporte desarrollo: Toni
Aportaciones gráficas: Bojbit, Jorge, MiKel, Toni, Alex303
Aportaciones técnicas: Picapau
Aportaciones de contenido: Toni, MiKel, Alex303, Jorge, Zarat, Jose, Iberika, Lou, Taox, MundoCine
Sugerencias: Taox, Beatriz, MiKel, BomberLink, Chikiry, Toni
Testers: Jorge, Fermin, MiKel, Beatriz, Taox, Daqueen, Kiki, Zarat, Toni
</description>
		<disclaimer lang="es">Addon de cine.</disclaimer>
		<platform>all</platform>
        <website></website>
        <video_guide></video_guide>
	</extension>
</addon>
